,date,author,twitter_name,text,number_of_likes,number_of_retweets,sentimiento
0,2023-05-10 13:12:47+00:00,Gustavo Petro,petrogustavo,"Enfrentamos una verdadera campa√±a de desinformaci√≥n.

Cuando el ministro del interior dice que le gustar√≠a un modelo de negociaci√≥n con narcos como el de los EEUU lo que dice es que la negociaci√≥n de los narcos no es con EL GOBIERNO, se√±ores de @ELTIEMPO , sino como hemos dicho‚Ä¶ https://t.co/TK0GjJf2w5",10584,5095,0
1,2023-05-10 10:19:11+00:00,VOX üá™üá∏,vox_es,"La mayor infamia que se recuerda: el socio preferente de este Gobierno ha incluido a 44 terroristas de ETA en sus listas electorales para el #28M, 7 de ellos asesinos.

Nos quedamos cortos se√±alando a Bildu como filoetarras, son directamente ETARRAS.

‚û°Ô∏è https://t.co/Vl9eHNGZFk https://t.co/U5WMq3kzjc",2912,1664,2
2,2023-05-10 02:24:19+00:00,The Times en Espa√±ol ‚Ñ¢,thetimesCL,"üî¥ Gobierno Chileno ha detenido a casi 130 mil personas y ha incautado m√°s de siete toneladas de droga en lo que va del 2023 ‚Äì The Times en Espa√±ol ‚Ñ¢  Aqu√≠ los detalles. üëâ https://t.co/DsAQLsz5uV .  V√≠a @thetimescl   y de paso le avisamos  a la Secom.  

Carabineros inform√≥ que‚Ä¶ https://t.co/nsXtkG1Jgi",2619,1681,2
3,2023-05-10 06:20:45+00:00,Nayib Bukele,nayibbukele,El Salvador est√° a un d√≠a de cumplir un a√±o completo sin homicidios en nuestro Gobierno. https://t.co/W9FaBy9860,26681,4475,0
4,2023-05-10 04:07:54+00:00,Margarita Zavala,Mzavalagc,"No tienen l√≠mites. Son ustedes -el gobierno de morena- los autoritarios, prepotentes y agresivos. Este es un ejemplo mas de su descarada manera de aplastar al pueblo y a la democracia. Han fallado, son una decepci√≥n, M√©xico merece mucho mas que las falsedades de su gobierno. https://t.co/XYRWb22Yqg",2522,753,0
5,2023-05-10 03:26:24+00:00,Revista Semana,RevistaSemana,"üö® #Pol√≠tica | Atenci√≥n: ministro del Interior, Luis Fernando Velasco, admite que el Gobierno negociar√° con narcos: ‚ÄúNo le pongamos eufemismos‚Äù https://t.co/MsEWmpkSPl",677,683,1
6,2023-05-09 22:49:11+00:00,EL TIEMPO,ELTIEMPO,"De aprobarse el proyecto de reforma laboral que radic√≥ el Gobierno ante el Congreso se aumentar√≠an los costos salariales hasta tal punto que empresas se ver√≠an obligadas a despedir a unos 450.000 de sus empleados formales. ‚¨áÔ∏è

https://t.co/CzkNkpwh3e",1684,1200,1
7,2023-05-09 05:14:38+00:00,Carlos Loret de Mola,CarlosLoret,"El gobierno de @Claudiashein tambi√©n le da beneficios a Andy y sus amigos, el hijo del presidente ha logrado tejer una red muy s√≥lida y productiva. Un reportaje de @montseperbet19y 
@JulCesAst #Loret en @latinus_us https://t.co/Qh8Wo57Rj5 https://t.co/SOLhGfjKhg",9866,4705,2
8,2023-05-10 11:07:00+00:00,elDiario.es,eldiarioes,"El Consejo de Europa critica la gesti√≥n sanitaria del Gobierno de Ayuso.

""Madrid es la regi√≥n espa√±ola que menos gasta per c√°pita en atenci√≥n primaria, a pesar de ser la regi√≥n con mayor renta per c√°pita""
https://t.co/sbfsmjcyH7",1845,1060,1
9,2023-05-09 16:23:07+00:00,BioBioChile,biobio,Gobierno boliviano dona a ind√≠genas altipl√°nicos veh√≠culos robados desde Chile  https://t.co/6uCd3ptbIR,631,734,1
10,2023-05-10 16:06:25+00:00,Los Meconios,LosMeconios,"Bildu ha incluido a 44 etarras en sus listas para el 28M, 7 de ellos con asesinatos a sus espaldas. Bildu no es una aorganizaci√≥n filoetarra, los filoetarras son S√°nchez y su Gobierno. Bildu es, directamente, ETA.

El Gobierno deber√≠a dimitir en bloque. https://t.co/3FZC4TQaQD",1562,917,1
11,2023-05-09 19:29:11+00:00,Guillermo Lasso,LassoGuillermo,"Hoy hicimos historia: Ecuador reduce USD 1.100 millones de deuda y lo m√°s importante es que garantiza la protecci√≥n del mar de nuestras Islas Gal√°pagos. 

Es ¬°un gran trabajo! del equipo de Gobierno. Mi felicitaci√≥n a los ministros @GustavoManriq_M, @parosemena, @ja_davalos,‚Ä¶ https://t.co/cEJIOlxXPU https://t.co/1hnfyXugin",4104,1528,1
12,2023-05-09 17:27:49+00:00,VTV CANAL 8,VTVcanal8,"#EnVideoüìπ| El Pdte. de la organizaci√≥n pol√≠tica @UPVCONTIGO1, @henryjh7 y su militancia se pronunciaron contra las medidas arbitrarias del gobierno de los EE. UU., que llevaron al despojo de la empresa CITGO, la cual constituye un bien nacional de Venezuela.

#MaduroM√°sPueblo https://t.co/VRSiTsiXy3",91,648,1
13,2023-05-10 12:16:41+00:00,VOX üá™üá∏,vox_es,"El Gobierno de Pedro S√°nchez impide la tramitaci√≥n de una Proposici√≥n de Ley de VOX en el Congreso para ampliar la ayuda por hijos enfermos porque ""costar√≠a mucho"".

Mientras, gastan millones de euros en chorradas de g√©nero y en pagar a cientos de cargos pol√≠ticos in√∫tiles. https://t.co/LpIPzqgg6R https://t.co/D6K9MrbGC4",1379,867,1
14,2023-05-09 17:57:03+00:00,VTV CANAL 8,VTVcanal8,"#EnVideoüìπ| Ministro de Pesca y Acuicultura, @Jcloyo explic√≥ las estrategias del Gobierno Nacional para el desarrollo de la pesca y acuicultura venezolana siguiendo los lineamientos de las 3R. NETS.

#MaduroM√°sPueblo https://t.co/t5F0bR2jPn",85,637,1
15,2023-05-09 02:47:12+00:00,Carlos Loret de Mola,CarlosLoret,"Hoy revelaremos que el gobierno de Claudia Sheinbaum pone como requisito comprarle a una empresa de la red de Andy y sus amigos, si quieren participar en la remodelaci√≥n de Chapultepec. Velo aqu√≠  la 9pm #Loret en @latinus_us: https://t.co/HmqCdgaXcu",9974,4272,1
16,2023-05-09 02:16:31+00:00,Carlos Loret de Mola,CarlosLoret,"La jefa de gobierno de la CDMX tambi√©n consiente a Andy, hijo del presidente y sus amigos, adem√°s, la Corte bate√≥ contundentemente al presidente L√≥pez Obrador. A las 9pm #Loret en @latinus_us: https://t.co/HmqCdgaXcu https://t.co/1xkuAQ7hkx",6349,2505,1
17,2023-05-09 04:52:50+00:00,üá≤üáΩSantiago Creel,SantiagoCreelM,"S√≠, mi problema es contigo Andr√©s, con tu gobierno y tus corcholatas. Mientes y traicionas, eso no es querer al pueblo. 

Mi respuesta a tus dichos sobre mi persona en la ma√±anera.

#RescatemosM√©xico üá≤üáΩ https://t.co/GR2P5Nsycz",5706,1984,0
18,2023-05-09 04:45:15+00:00,Marco Levario Turcott,Arouet_V,"Todos sabemos que la candidata de L√≥pez Obrador para sustituirlo es @Claudiashein. Entre otras razones para heredar a sus hijos buenos negocios desde el gobierno. 

Documentos oficiales, repito, documentos oficiales, demuestran que la pandilla de Andr√©s Manuel L√≥pez Beltr√°n‚Ä¶ https://t.co/s5pxIV9hpq https://t.co/vxdXbm9Z5X",4939,2402,1
19,2023-05-09 01:14:43+00:00,Nicol√°s Maduro,NicolasMaduro,"Llamo a las y los venezolanos a unirnos en un solo coraz√≥n y una sola voz para decirle al Gobierno de los EEUU: ¬°Basta ya de saqueo y robo de nuestra empresa CITGO! Esta denuncia ser√° permanente, no vamos a permitir que nos arrebaten los recursos que le pertenecen al Pueblo. https://t.co/O9JOR2NNlR",3386,3437,0
20,2023-05-09 03:16:24+00:00,Carlos Loret de Mola,CarlosLoret,En este momento estamos revelando c√≥mo el gobierno de @Claudiashein consiente a Andy y sus amigos. #Loret en @latinus_us: https://t.co/HmqCdgaXcu,6567,2263,1
21,2023-05-09 05:09:06+00:00,Jos√© D√≠az,JJDiazMachuca,"El amiguismo en todos los L√≥pez Beltr√°n 
Compa√±eros de clase de Gonzalo L√≥pez Obrador, hijo de AMLO, ocupan puestos directivos en Gobierno Federal

Mis hijos no son corruptos:‚Å¶@lopezobrador_‚Å© ‚Ä¶solo ponen a otros para hacer el trabajo 
 https://t.co/9QkDVEMlJP",2175,1380,0
22,2023-05-09 04:29:31+00:00,Latinus,latinus_us,"#LatinusInvestiga. El gobierno de Sheinbaum tambi√©n beneficia a los amigos de Andy: ‚Äúrecomiendan‚Äù que instalen en megaobra se√±al√©tica de sus empresas.
#Latinus #Informaci√≥nParaTi 
https://t.co/yVMRwjBBKn",2838,1495,1
23,2023-05-09 04:05:41+00:00,Alejandra Escobar,AleEsat,"La red de influencias de Andy, tambi√©n opera en el gobierno de Claudia Sheinbaum (@Claudiashein). 

Resulta que si quieres participar en la remodelaci√≥n de Chapultepec, el gobierno de la regenta te ""recomienda"" (exige) que le compres el material Grava y Arena, una empresa de los‚Ä¶ https://t.co/Rv7Ich65Kd https://t.co/9cP6DP8LG6",1372,939,1
24,2023-05-09 02:58:40+00:00,Latinus,latinus_us,"#Loret en #Latinus: 8 de mayo. 
Gobierno de Claudia Sheinbaum tambi√©n privilegia a Andy y sus amigos; SCJN invalida primera parte del plan B con voto de Arturo Zald√≠var; en entrevista, Lorenzo C√≥rdova.
#Informaci√≥nParaTi https://t.co/imKyWgn68O",2139,874,1
25,2023-05-09 02:55:10+00:00,Marco Levario Turcott,Arouet_V,"Yasm√≠n Esquivel (@YasminEsquivel_):

Millones de mexicanos escuchamos c√≥mo usted respald√≥ el desaseo legislativo con el que el presidente quiso imponer el Plan B. Para eso usted est√° ah√≠ en la SCJN y por eso es que el gobierno la apoya a pesar de sus transgresiones acad√©micas.‚Ä¶ https://t.co/HA8cClYMgo https://t.co/fGjaznKSuH",1840,861,1
26,2023-05-08 23:12:27+00:00,Abraham Mendieta,abrahamendieta,"IN√âDITO. 

Nunca en la historia democr√°tica de M√©xico, un Presidente llegaba al 80% de aprobaci√≥n ciudadana a un a√±o antes de terminar su gobierno. 

A eso lo temen: por ello usan todos los recursos a su alcance para dificultarle gobernar.

Fuente: De Las Heras. https://t.co/8uQecOEh6Y",7747,3666,1
27,2023-05-09 04:59:21+00:00,Alejandra Del Moral,AlejandraDMV,En mi Gobierno fortaleceremos al Instituto Mexiquense del Emprendedor para apoyar m√°s proyectos de emprendimiento a lo largo de sus distintos niveles de desarrollo. Fuimos una de las entidades pioneras en la creaci√≥n de esta instituci√≥n y vamos a fortalecerla. #VotALE‚Ä¶ https://t.co/0pkvBnOs0r https://t.co/Re4qS7N34q,1302,536,1
28,2023-05-09 04:10:00+00:00,El Universal,El_Universal_Mx,"""Las medidas que ha tomado el Gobierno mexicano han frenado la inversi√≥n europea"",  se√±ala el embajador de la Uni√≥n Europea en M√©xico sin lugar a dudas https://t.co/Uk8SeWRAnY",734,406,0
29,2023-05-09 04:35:21+00:00,Jos√© D√≠az,JJDiazMachuca,"Los amigos de Andr√©s L√≥pez Beltr√°n 
La red de tr√°fico de influencias de #Andy ya 'alcanz√≥' al gobierno de @Claudiashein 
@GobCDMX 

Cosas que la corcholata no dijo en #Chihuahua üëáüèª

üôèüèª Follow üëâüèª @Luiso_Piedras https://t.co/41MpC03vAW",469,352,0
30,2023-05-08 22:04:00+00:00,Wilson Arias,wilsonariasc,"Dra. @PalomaValenciaL, por qu√© mejor no le explica al pa√≠s que su amigo @ivanduque dej√≥ m√°s de 25.000 subsidios de Mi Casa YA sin PRESUPUESTO y prometi√≥ miles m√°s. Nuestro Gobierno no est√° acabado con Mi Casa Ya, est√° tratando de reparar la estafa de su anterior Gobierno.",5084,3184,0
31,2023-05-08 21:06:22+00:00,Wall Street Wolverine,wallstwolverine,Vecina de Barcelona: ‚ÄúYo quitar√≠a toda la chusma que hay. Todo lo que ha entrado. Todo lo que el gobierno ha dejado entrar. Antes com√≠amos con las puertas abiertas. D√©jate una puerta abierta ahora‚Äù. https://t.co/q8oDByKOg3,9792,2896,2
32,2023-05-08 23:12:10+00:00,VTV CANAL 8,VTVcanal8,"Presidente Maduro califica de ‚Äúaberrante‚Äù robo de Citgo por el Gobierno de EE. UU.

#ConMaduroM√°sCerca 

https://t.co/r17y9e3emS https://t.co/QblkXSGAmu",90,486,1
33,2023-05-08 21:28:38+00:00,Gustavo Petro,petrogustavo,"Con la colaboraci√≥n del gobierno mexicano logramos liberar 18 colombianos secuestrados por grupos de la mafia en Sonora, M√©xico.

El √©xodo, como dec√≠a el Papa Francisco, conlleva las nuevas esclavitudes https://t.co/PTJG7BJzE5",4241,1731,1
34,2023-05-08 23:00:01+00:00,VTV CANAL 8,VTVcanal8,"Gobierno venezolano celebra regreso de Siria a la Liga √Årabe

#ConMaduroM√°sCerca 

https://t.co/vgT7w52Cov https://t.co/FYepZGJ9mS",53,364,1
35,2023-05-08 20:20:06+00:00,Dra. Kenia L√≥pez Rabad√°n,kenialopezr,"¬°T√≥mala @lopezobrador_! Tenga para que aprenda.

La Constituci√≥n NO SE TOCA, la DEMOCRACIA NO SE TOCA.

El Plan B irresponsable se va a la basura de la historia como se ir√° este gobierno CORRUPTO.

Gracias a la SCJN y a los Ministros valientes! Tenemos instituciones üëäüèº https://t.co/BuVfKtpiba",11435,4071,0
36,2023-05-08 22:34:47+00:00,VTV CANAL 8,VTVcanal8,"#AUDIOüìû| Gobernador del estado Carabobo, @rafaellacava10 inform√≥ que gracias a la gesti√≥n del 1x10, el Gobierno Bolivariano se pone en marcha para solventar los problemas de agua potable de la comunidad Villa Dios, en la parroquia Santa Rosa.

#ConMaduroM√°sCerca https://t.co/Vm4HzbgqbM",74,509,1
37,2023-05-08 22:33:17+00:00,Marietto,MariettoPonce,"Vamos a hacer una apuesta Lenin, 10mil pesos si te compruebo con datos del propio gobierno, que este sexenio se gastaron los ahorros que se ten√≠an y se endeudaron m√°s que en los gobiernos anteriores.

Le entras?? https://t.co/KHMcvay1yJ",3612,707,1
38,2023-05-08 20:50:20+00:00,By Viral 24,ByViral24,"üá®üá¥ATENCI√ìN. Habr√≠an constre√±ido a Exesposa del hijo del presidente @petrogustavo, @nicolaspetroB para que no declarara en contra, pues el pr√≥ximo Fiscal General y Procurador ser√≠a aliado del gobierno Petro y tomar√≠a represar√≠as contra de @daysvasquezcdp 

Tambi√©n denuncian que‚Ä¶ https://t.co/geXTP0TW1p https://t.co/EIXscbIRje",3588,2585,0
39,2023-05-08 21:39:21+00:00,Latinus,latinus_us,"El gobierno de AMLO ha frenado la inversi√≥n privada en energ√≠as renovables, acusa la Uni√≥n Europea. 
#Latinus #Informaci√≥nParaTi
https://t.co/musaZVQ6IH",3097,1541,2
40,2023-05-08 23:10:14+00:00,Wilson Arias,wilsonariasc,"El pueblo est√° mamado de quienes ""andan prometiendo escuelas y puentes donde no hay rio"". Por eso nosotros s√≠ vamos a cumplir lo que prometimos. ¬°Nuestro gobierno s√≠ va por las reformas del cambio!",1018,513,0
41,2023-05-08 20:11:37+00:00,Capit√°n Bitcoin,CapitanBitcoin,"Vecina de Barcelona: ""yo quitar√≠a todo lo que el gobierno ha dejado entrar. Antes com√≠amos con las puertas abiertas. D√©jate una puerta abierta ahora..."".
https://t.co/wez4fnSswi",5517,2425,2
42,2023-05-08 22:47:38+00:00,Victoria Desintonio,VickyDesintonio,"Qu√© triste situaci√≥n de este ser humano, entregada a un gobierno  plagado de corrupci√≥n.

Una persona que proclama la defensa de las  mujeres, respalda a aquellos bajo cuyo mandato se registraron los  niveles m√°s alarmantes de femicidios. https://t.co/YHg7pJz0gF",607,320,1
43,2023-05-08 20:00:51+00:00,Revista Semana,RevistaSemana,#Confidenciales | ‚ÄúSus 8 mil razones para querer un fiscal sin voz y subalterno‚Äù: agudo sablazo de exministro del gobierno Duque a expresidente Samper.  https://t.co/eZarXOxN9d,1547,855,0
44,2023-05-08 20:10:47+00:00,Luis Gasulla,LuisGasulla,"De esto no habla el Presidente @alferdez 
Dejen de ponerse del lado de los delincuentes.
Cuiden a la denunciante del desv√≠o de fondos en el Movimiento Evita del funcionario de su gobierno https://t.co/2PlxnFogq3",1049,672,0
45,2023-05-08 18:16:23+00:00,Cyndy M. üëäüèºüéØ,M2Cyndy,"Compa√±eros de clase de Gonzalo L√≥pez Obrador, hijo de AMLO, ocupan puestos directivos en Gobierno Federal https://t.co/pK9AXvRee4",4293,2821,1
46,2023-05-04 15:47:08+00:00,Carlos Loret de Mola,CarlosLoret,"Documentos del propio gobierno demuestran los millonarios negocios de los amigos de Andy, el hijo del presidente. Vean #Loret en @latinus_us:  https://t.co/8Um3sna3yS https://t.co/1yFMkAZh9i",13437,5863,1
47,2023-05-05 07:05:50+00:00,Gustavo Petro,petrogustavo,"El Congreso de la Rep√∫blica ha aprobado el Plan Nacional de Desarrollo: ""Colombia Potencia mundial de la Vida""; con mi firma se convertir√° en ley de la Rep√∫blica y comenzar√° de lleno nuestro gobierno.

Hasta ahora hab√≠amos gobernado con el Plan de Duque.

Gracias a los Senadores‚Ä¶ https://t.co/4nztih49YU",16786,5604,2
48,2023-05-02 21:13:52+00:00,Cristina Kirchner,CFKArgentina,"Hello Mr. Werner!
¬†
Descabellado fue haberle dado un pr√©stamo pol√≠tico por 45.000 millones de d√≥lares al gobierno de Mauricio Macri para que ganara las elecciones como reconocieron de los dos lados del mostrador, Mauricio Claver Carone, ex Presidente del BID y Carlos Melconian ex‚Ä¶ https://t.co/7wPMsD0si0 https://t.co/8jOnjW5hFT",20243,8133,1
49,2023-05-06 03:07:56+00:00,Carlos Loret de Mola,CarlosLoret,En este momento le estamos mostrando como el gobierno intent√≥ escondernos 36 veces los contratos de los amigos de Andy. #Loret en @latinus_us: https://t.co/YMPDOkOEhw,14836,6319,1
50,2023-05-08 19:18:41+00:00,VTV CANAL 8,VTVcanal8,"#EnVideoüìπ| Primer Vicepdte. del PSUV, @dcabellor indic√≥ que tras la reuni√≥n en Bogot√°, EE. UU. no firm√≥ las propuestas acordadas y autorizaron el robo de Citgo y el avi√≥n de Emtrasur. ""El que crea en la palabra del gobierno de EE. UU., perdi√≥ el viaje"".

#ConMaduroM√°sCerca https://t.co/mRzaZfk2k1",121,656,0
51,2023-05-08 19:30:00+00:00,VTV CANAL 8,VTVcanal8,"Gobierno venezolano celebra regreso de Siria a la Liga √Årabe

#ConMaduroM√°sCerca 

https://t.co/vgT7w52Cov https://t.co/LoIDf2Ycnj",47,401,1
52,2023-05-08 19:11:33+00:00,Revista Semana,RevistaSemana,"Veteranos de la Fuerza P√∫blica se movilizar√°n contra el Gobierno Petro, ¬øcu√°l es la raz√≥n? Le contamos. https://t.co/ST7rT1lzxD https://t.co/vJ0gONcgEO",1838,790,1
53,2023-05-04 21:07:51+00:00,Alfredo Alvarez,AlfredoAlvarezz,Apagaron todos los servidores del gobierno federal. Mover√°n toda la informaci√≥n sensible. No soportaron la revelaci√≥n del hijo del presidente. Porque...a√∫n hay m√°s. https://t.co/g9mtbYUJOC,14548,6871,0
54,2023-05-08 15:29:36+00:00,Samuel,guidoprincesa,"Hab√©is tirado bombas en patios de cuarteles donde jugaban ni√±os, hab√©is acabado con sus vidas, pero si dej√°is de hacerlo, podr√©is entrar en las instituciones y ser socios de gobierno.
Tengo ganas de vomitar. https://t.co/KSeqZNBr2v",7925,3703,1
55,2023-05-08 18:48:28+00:00,C√©sar Jos√©,CesarSerpa,"El gobierno nacional deber√≠a fomentar, apoyar y financiar muchas iniciativas como la de este video (transporte urbano √≥ de turismo alimentado con energ√≠a solar); este tipo de microproyectos s√≠ impactan de forma positiva y r√°pida en las econom√≠as locales y regionales, por eso‚Ä¶ https://t.co/RpQeJoDhDz https://t.co/6Xrb30DCy4",2743,1012,1
56,2023-05-08 18:31:13+00:00,EL TIEMPO,ELTIEMPO,"'Las cosas s√≥lo empeorar√°n': Marco Rubio arremete contra el presidente Gustavo Petro ‚ñ∫ https://t.co/h3Jl1bfNRz

En un editorial, el senador republicano critic√≥ la pol√≠tica energ√©tica del gobierno colombiano. https://t.co/FDYapdLF61",790,454,1
57,2023-05-08 18:19:50+00:00,RCN Radio,rcnradio,"General (r) Zapateiro, recordado por el ‚Äúaj√∫a‚Äù, promueve marcha contra gobierno Petro https://t.co/2EQEF6eLCw",2313,786,1
58,2023-05-01 13:58:30+00:00,Emilio √Ålvarez Icaza Longoria,EmilioAlvarezI,"Tamaulipas sin gobierno. 

Durante tres d√≠as consecutivos  hombres armados recorrieron municipios. 

Dispararon, intimidaron a la poblaci√≥n, enfrentaron a la autoridad y @Dr_AVillarreal ausente. 
@gpplural @Reforma https://t.co/I8SamuPeYS",5657,3642,0
59,2023-05-01 11:25:58+00:00,Gustavo Bol√≠var,GustavoBolivar,"#NosVemosEnLaCalle 
¬°Pte Petro ud no est√° solo!
Somos millones los convencidos de su buen gobierno. Solo que los pocos que lo atacan son m√°s poderosos con la comunicaci√≥n.
Los hechos se impondr√°n al final porq ninguna verdad se puede tapar con una columna o una noticia mentirosa.",6805,3041,0
60,2023-05-02 13:34:33+00:00,Antonio M. Beaumont,Amartinbeaumont,"F√©lix Bola√±os sab√≠a de sobra que no pod√≠a subir a la tribuna, pero aun as√≠ mont√≥ el numerito. Este Gobierno est√° demasiado acostumbrado a aparcar el Falcon como les viene en gana. Hoy, sin embargo, han topado con una eficaz responsable de protocolo que les ha ""puesto"" en su‚Ä¶ https://t.co/jPZJPE2z9Y https://t.co/GQsnSUopds",5661,1698,0
61,2023-05-01 16:53:11+00:00,Carlos Loret de Mola,CarlosLoret,"AMLO desmiente a su gobierno y propagandistas: dice que el avi√≥n cost√≥ 7,500 millones (pero lo vendi√≥ en 1,700). Aqu√≠ est√°n todos sus testimonios: https://t.co/9WOftcf5Et https://t.co/8Iim6PB78N",9930,4815,1
62,2023-05-02 13:26:12+00:00,Nicol√°s Maduro,NicolasMaduro,"Rechazamos y repudiamos en√©rgicamente el robo de CITGO, por parte del gobierno de los EE. UU. y la Plataforma Unitaria. ¬°Es un robo descarado al pueblo de Venezuela! Una empresa que desde hace cuatro a√±os fue secuestrada. https://t.co/uh2sGoVDlF",2757,3733,1
63,2023-05-02 01:39:48+00:00,Alejandro Ocampo,alejoocampog,"Que viva la Gobernadora @ClaraLuzRoldan de Dilian Francisca Toro que en 8 a√±os no han terminado un Puente y est√° lleno de sobre costos
Que viva la corrupci√≥n en los hospitales p√∫blicos qu√© hay en su gobierno y en el de Dilian.
Que viva el chantaje y humillaci√≥n a la que someten‚Ä¶ https://t.co/oiHpg8x9gf",3111,1593,0
64,2023-05-01 21:17:42+00:00,Emilia üá®üá±,camilaemiliasv,"Jaime Ravinet: ‚ÄúHe visto mam√°s en Puente Alto que no pueden matricular sus hijos en los jardines infantiles porque el gobierno le pone cuotas a los inmigrantes ilegales. Yo respeto todos los DDHH pero parto por los DDHH de los chilenos‚Äù 

https://t.co/tbLIp473lZ",4268,1955,0
65,2023-05-02 19:53:52+00:00,Gustavo Petro,petrogustavo,"Terroristas son los que ordenaron el asesinato de 80 jovenes solo porque ped√≠an a su gobierno, Mar√≠a Fernanda, que ten√≠an derecho a existir con dignidad. https://t.co/1Yw8BgnfNh",7878,3052,1
66,2023-05-02 01:23:28+00:00,Revista Semana,RevistaSemana,"#Confidenciales | ‚Äú¬°Gobierno que protege Bandidos!‚Äù: Pacho Santos arremete contra Francia M√°rquez, luego de que celebrara a la Primera L√≠nea.  https://t.co/2HxkpwSuhL",1718,776,1
67,2023-05-01 14:31:28+00:00,Hermann Tertsch,hermanntertsch,"El asesino Maduro, el amo de ciertos socialistas espa√±oles que goza adem√°s de √≠ntimas relaciones con el gobierno de S√°nchez, es acusado por la ONU de crucificar a opositores en las muchas b√°rbaras formas de torturas en los centros secretos de detenci√≥n y asesinato. Socio del‚Ä¶ https://t.co/4cGZ4TMCPV",1282,894,1
68,2023-05-01 19:22:08+00:00,Noticias Caracol,NoticiasCaracol,"#LO√öLTIMO | Presidente Petro llama a la movilizaci√≥n social y dice que, si se coartan las reformas que lidera su gobierno, puede ocurrir una revoluci√≥n en Colombia. 

M√°s en https://t.co/yqNEZK7rZ3 https://t.co/VRvuFXa9MB",4592,1495,1
69,2023-05-02 12:45:00+00:00,VTV CANAL 8,VTVcanal8,"Gobierno Bolivariano impulsa reactivaci√≥n productiva de macolla Cacique Chaima en Monagas

#TrabajadoresConMaduro
    
https://t.co/Av2JnLBjVG https://t.co/WXRRtE21VY",101,752,1
70,2023-05-02 18:14:30+00:00,Sociedad Civil M√©xico,SocCivilMx,"Por favor suscribe, comenta y comparte.
‚Äî‚Äî‚Äî‚Äî‚Äî
Gobierno de Coalici√≥n CDMX, por el Bien Com√∫n

Indispensable la Unidad, pacto y alianza ciudadana-pol√≠tica, plan de gobierno avalado por la sociedad civil para #QueNadieSeQuedeAtr√°s, participaci√≥n ciudadana en m√©todo de selecci√≥n de‚Ä¶ https://t.co/IEPGULmDuf https://t.co/WjVoGlMbmG",1256,741,2
71,2023-05-01 10:55:55+00:00,Iv√°n Cepeda Castro,IvanCepedaCast,"Presidente Gustavo Petro buscar√≠a que el Gobierno adquiera los derechos televisivos del f√∫tbol colombiano

 https://t.co/asTXx99KQ4",8951,2111,1
72,2023-05-02 11:01:15+00:00,Fonsi Loaiza,FonsiLoaiza,"Hoy, el periodista vasco Pablo Gonz√°lez cumple 430 d√≠as secuestrado en Polonia con la complicidad del gobierno, de la UE con Borrell, y el silencio de los medios de comunicaci√≥n en Espa√±a. Se enfrenta a 10 a√±os de prisi√≥n. Su familia nos pide mantener la presi√≥n social. https://t.co/6c55iLGSoU",1004,671,1
73,2023-05-01 10:00:26+00:00,Pablo Cambronero üá™üá¶,PabloCamPiq,"üî¥ La leucemia mata a m√°s de 3.200 personas al a√±o, y provoca sufrimientos insufribles a muchos enfermos.

El medicamento por el que pregunto  mejora notablemente la capacidad de curaci√≥n y la calidad de vida, pero EL GOBIERNO NO LO FINANCIA (GLASDEGIB+LDAC)

¬øPor qu√©? 

H√°ganlo. https://t.co/CpnCyySDaU",1117,787,0
74,2023-05-01 10:00:45+00:00,elDiario.es,eldiarioes,"Yolanda D√≠az avisa de que ‚Äúes el momento de reducir la jornada sin disminuir el salario‚Äù

La vicepresidenta participa junto a otros miembros del Gobierno en la manifestaci√≥n del 1¬∫ de Mayo en Madrid
https://t.co/kvt3sOc4Xz Por @laura_olias",295,70,0
75,2023-05-01 09:42:43+00:00,DW Espa√±ol,dw_espanol,"JPMorgan adquirir√° el First Republic Bank para garantizar los dep√≥sitos

""Nuestro gobierno nos invit√≥ a nosotros ya otros a dar un paso al frente, y lo hicimos"", dijo Jamie Dimon, presidente y director ejecutivo de JPMorgan Chase, en un comunicaco (lgc)

https://t.co/nent6b2TIR",105,80,1
76,2023-05-01 10:44:58+00:00,Hermann Tertsch,hermanntertsch,"Son los enemigos de la energ√≠a, de la econom√≠a, de la libertad y de Espa√±a los encargados por el gobierno de solucionar el problema de la energ√≠a.
¬øLes extra√±a que S√°nchez y su pijofan√°tica ministra elija a los que pueden hacer todo el mal y son ineptos para hacer alg√∫n bien? https://t.co/Xt4rfIsGis",81,53,1
77,2023-05-01 10:44:50+00:00,Jos√© Miguel Santamar√≠a Uribe,SANTAMARIAURIBE,"Hoy ser√° el primer d√≠a del nuevo gobierno de Petro, no solo gobernar√° por Twitter, lo har√° desde el balc√≥n.
Pobre Colombia",115,41,0
78,2023-05-01 10:29:46+00:00,RPP Noticias,RPPNoticias,"üî¥üó£Ô∏è ‚ÄúNo vamos a permitir que sigan ingresando extranjeros indocumentados, porque debemos cuidar la seguridad de los peruanos y tambi√©n la de los buenos venezolanos que est√°n en el pa√≠s y son la mayor√≠a‚Äù, sostuvo.
https://t.co/H4mmtyMI1q",605,81,1
79,2023-05-01 09:40:00+00:00,teleSUR TV,teleSURtv,"El Gobierno de #Boliviaüáßüá¥ precis√≥ que durante los dos a√±os de mandato del presidente @LuchoXBolivia, el pa√≠s redujo la desocupaci√≥n del 11% en 2020 a 4,3% en diciembre de 2022

https://t.co/G3WYWqdq76",56,43,1
80,2023-05-01 10:30:31+00:00,Pablo Gil,PabloGilTrader,"Lo que paga el Gobierno estadounidense por la deuda que tiene...no pinta demasiado bien, no? https://t.co/PMMRROmOkj",314,71,0
81,2023-05-01 10:23:05+00:00,manuel llamas,manuel_llamas,"Os resumo los grandes logros del Gobierno de PSOE y Podemos: beneficiar penalmente a violadores, pederastas, golpistas, corruptos, secuestradoras de ni√±os, morosos, okupas... Suma y sigue",198,63,1
82,2023-05-01 09:34:22+00:00,Yo soy_√Ångela,SSoy_Angela,"‚òÇÔ∏èI #1deMayo y, en nuestro colectivo, tambi√©n lo celebramos. 
üë†I Aunque a muchos les moleste y no nos consideren dignas, seguimos luchando por nuestros derechos. Le recordamos hoy al Gobierno Espa√±ol que antes de legislar es necesario escuchar a las personas afectadas.üßµ
üëá https://t.co/fclTte4bcb",48,18,0
83,2023-05-01 09:45:00+00:00,CTXT,ctxt_es,"""La imposici√≥n de leyes, la violencia policial, las detenciones preventivas, la criminalizaci√≥n de la protesta y la amenaza contra organizaciones que disienten con el Gobierno profundizan la crisis democr√°tica en Francia"".

Fran√ßois Godicheau para CTXT

https://t.co/s8lBANcEZC",39,31,0
84,2023-05-01 10:00:00+00:00,Secretar√≠a de Prensa de la Presidencia,SecPrensaSV,"#PedaleadaSV | El Gobierno del Presidente @nayibbukele promueve la bicicleta como medio de transporte sostenible a trav√©s de la Pedaleada circuito UES- San Jacinto, con un ambiente alegre y familiar, con m√∫sica y rifas de regalos para los participantes.  #Secretar√≠aDePrensa https://t.co/6ZWAupoSWZ",63,34,1
85,2023-05-01 10:30:00+00:00,Secretar√≠a de Prensa de la Presidencia,SecPrensaSV,#FMSElSalvador | El Gobierno del Presidente @nayibbukele organiz√≥ con √©xito la primera jornada de la nueva @fmscaribe. Miles de personas llegaron a la plaza Gerardo Barrios para disfrutar de vibrantes batallas entre ‚Äúfreestylers‚Äù de varios pa√≠ses de la regi√≥n. #Secretar√≠aDePrensa https://t.co/WJaFk3Q3Ce,49,31,1
86,2023-05-01 10:33:08+00:00,92.7 FM LIDER Mar del Plata,fmlidermdq,"Competencia de la Justicia Federal

Los puertos de Argentina son ‚Äúzonas liberadas‚Äù para la droga. 
https://t.co/t4OI1sIlZH
As√≠ lo denunci√≥  el presidente de la Auditoria General de la Naci√≥n (AGN), Leandro Despouy, quien sostuvo que ‚Äúhay una ausencia deliberada‚Äù del Gobierno en‚Ä¶ https://t.co/XprS4pWTiN",28,27,1
